{"cameraMode":{"drawMode":0,"name":"Shaded","section":"Shading Mode"},"sceneLighting":true,"audioPlay":false,"sceneViewState":{"showFog":true,"showMaterialUpdate":true,"showSkybox":true,"showFlares":true,"showImageEffects":true,"showParticleSystems":true},"in2DMode":false,"pivot":{"x":0.5454988479614258,"y":3.0646190643310549,"z":-2.1296567916870119},"rotation":{"x":-0.04939112812280655,"y":0.9314848780632019,"z":-0.13821783661842347,"w":-0.3328571617603302},"size":10.0,"orthographic":false}